Workbook

Sheet スケーリング
B1: SRC | C1: 参照元 | D1: 比率
A2: 質量 | B2: 191 | C2: =[1]Payload_Model!$B$2 -> 4 | D2: =B2/C2 -> 47.75
A3: 面積 | B3: 32.5 | C3: =[1]Aircraft_Model!$B$4 -> 3 | D3: =SQRT(B3/C3) -> 3.2914029

Sheet Payload_Model
A1: =[1]Payload_Model!A1 -> Parameter | B1: =[1]Payload_Model!B1 -> Value | C1: =[1]Payload_Model!C1 -> Unit | D1: =[1]Payload_Model!D1 -> Description
A2: =[1]Payload_Model!A2 -> M_payload | B2: =[1]Payload_Model!B2*スケーリング!D2 -> 191 | C2: =[1]Payload_Model!C2 -> kg | D2: =[1]Payload_Model!D2 -> ペイロードの質量
A3: =[1]Payload_Model!A3 -> S_p | B3: =[1]Payload_Model!B3*スケーリング!D3^2 -> 32.5 | C3: =[1]Payload_Model!C3 -> m^2 | D3: =[1]Payload_Model!D3 -> ペイロードの基準面積 (旧 S_s)
A4: =[1]Payload_Model!A4 -> C_D_s | B4: =[1]Payload_Model!B4 -> 0 | C4: =[1]Payload_Model!C4 -> - | D4: =[1]Payload_Model!D4 -> ペイロードの抗力係数
A5: =[1]Payload_Model!A5 -> delta_x_pay | B5: =[1]Payload_Model!B5*スケーリング!$D$3 -> 0 | C5: =[1]Payload_Model!C5 -> m | D5: =[1]Payload_Model!D5 -> ペイロードCG X座標 (r_total_cm_to_payload_cm_B X)
A6: =[1]Payload_Model!A6 -> delta_y_pay | B6: =[1]Payload_Model!B6*スケーリング!$D$3 -> 0 | C6: =[1]Payload_Model!C6 -> m | D6: =[1]Payload_Model!D6 -> ペイロードCG Y座標 (r_total_cm_to_payload_cm_B Y)
A7: =[1]Payload_Model!A7 -> delta_z_pay | B7: =[1]Payload_Model!B7*スケーリング!$D$3 -> 0.7131373 | C7: =[1]Payload_Model!C7 -> m | D7: =[1]Payload_Model!D7 -> ペイロードCG Z座標 (r_total_cm_to_payload_cm_B Z)

Sheet Aircraft_Model
A1: =[1]Aircraft_Model!A1 -> Parameter | B1: =[1]Aircraft_Model!B1 -> Value | C1: =[1]Aircraft_Model!C1 -> Unit | D1: =[1]Aircraft_Model!D1 -> Description
A2: =[1]Aircraft_Model!A2 -> M_canopy | B2: =[1]Aircraft_Model!B2*スケーリング!D2 -> 23.875 | C2: =[1]Aircraft_Model!C2 -> kg | D2: =[1]Aircraft_Model!D2 -> キャノピーの質量
A3: =[1]Aircraft_Model!A3 -> g | B3: =[1]Aircraft_Model!B3 -> 9.807 | C3: =[1]Aircraft_Model!C3 -> m/s^2 | D3: =[1]Aircraft_Model!D3 -> 重力加速度
A4: =[1]Aircraft_Model!A4 -> S_c | B4: =[1]Aircraft_Model!B4*スケーリング!D3^2 -> 32.5 | C4: =[1]Aircraft_Model!C4 -> m^2 | D4: =[1]Aircraft_Model!D4 -> キャノピーの基準面積 (旧 S_p)
A5: =[1]Aircraft_Model!A5 -> b | B5: =[1]Aircraft_Model!B5*スケーリング!$D$3 -> 9.8742088 | C5: =[1]Aircraft_Model!C5 -> m | D5: =[1]Aircraft_Model!D5 -> キャノピーのスパン
A6: =[1]Aircraft_Model!A6 -> c | B6: =[1]Aircraft_Model!B6*スケーリング!$D$3 -> 3.2914029 | C6: =[1]Aircraft_Model!C6 -> m | D6: =[1]Aircraft_Model!D6 -> キャノピーの平均コード
A7: =[1]Aircraft_Model!A7 -> rho_sea_level | B7: =[1]Aircraft_Model!B7 -> 1.225 | C7: =[1]Aircraft_Model!C7 -> kg/m^3 | D7: =[1]Aircraft_Model!D7 -> 海面高度での空気密度 (初期値)
A8: =[1]Aircraft_Model!A8 -> r_total_cm_to_canopy_origin_B_X | B8: =[1]Aircraft_Model!B8*スケーリング!$D$3 -> 0 | C8: =[1]Aircraft_Model!C8 -> m | D8: =[1]Aircraft_Model!D8 -> (全体CG -> キャノピー原点) X軸
A9: =[1]Aircraft_Model!A9 -> r_total_cm_to_canopy_origin_B_Z | B9: =[1]Aircraft_Model!B9*スケーリング!$D$3 -> 0 | C9: =[1]Aircraft_Model!C9 -> m | D9: =[1]Aircraft_Model!D9 -> (全体CG -> キャノピー原点) Z軸
A10: =[1]Aircraft_Model!A10 -> r_canopy_origin_to_ac_B_X | B10: =[1]Aircraft_Model!B10*スケーリング!$D$3 -> 0 | C10: =[1]Aircraft_Model!C10 -> m | D10: =[1]Aircraft_Model!D10 -> (キャノピー原点 -> 空力中心) X軸
A11: =[1]Aircraft_Model!A11 -> r_canopy_origin_to_ac_B_Z | B11: =[1]Aircraft_Model!B11*スケーリング!$D$3 -> 0 | C11: =[1]Aircraft_Model!C11 -> m | D11: =[1]Aircraft_Model!D11 -> (キャノピー原点 -> 空力中心) Z軸
A12: =[1]Aircraft_Model!A12 -> ang_psi_rigging | B12: =[1]Aircraft_Model!B12 -> 7 | C12: =[1]Aircraft_Model!C12 -> deg | D12: =[1]Aircraft_Model!D12 -> リギング角
A13: =[1]Aircraft_Model!A13 -> d | B13: =[1]Aircraft_Model!B13*スケーリング!$D$3 -> 0.32914029 | C13: =[1]Aircraft_Model!C13 -> m | D13: =[1]Aircraft_Model!D13 -> 回転中心

Sheet Aero_Coeffs
A1: =[1]Aero_Coeffs!A1 -> Parameter | B1: =[1]Aero_Coeffs!B1 -> Value | C1: =[1]Aero_Coeffs!C1 -> Unit | D1: =[1]Aero_Coeffs!D1 -> Description
A2: =[1]Aero_Coeffs!A2 -> C_L_0 | B2: =[1]Aero_Coeffs!B2 -> 0.5 | C2: =[1]Aero_Coeffs!C2 -> - | D2: =[1]Aero_Coeffs!D2 -> 揚力係数 (ゼロ迎角)
A3: =[1]Aero_Coeffs!A3 -> C_L_alpha | B3: =[1]Aero_Coeffs!B3 -> 1.719 | C3: =[1]Aero_Coeffs!C3 -> /rad | D3: =[1]Aero_Coeffs!D3 -> 揚力係数 (迎角依存)
A4: =[1]Aero_Coeffs!A4 -> C_L_delta_a | B4: =[1]Aero_Coeffs!B4 -> 0.0001
A5: =[1]Aero_Coeffs!A5 -> C_L_delta_s | B5: =[1]Aero_Coeffs!B5 -> 0 | C5: =[1]Aero_Coeffs!C5 -> /rad | D5: =[1]Aero_Coeffs!D5 -> 揚力係数 (シンメトリック入力)
A6: =[1]Aero_Coeffs!A6 -> C_D_0 | B6: =[1]Aero_Coeffs!B6 -> 0.2 | C6: =[1]Aero_Coeffs!C6 -> - | D6: =[1]Aero_Coeffs!D6 -> 抗力係数 (ゼロ迎力)
A7: =[1]Aero_Coeffs!A7 -> C_D_alpha | B7: =[1]Aero_Coeffs!B7 -> 0.7 | C7: =[1]Aero_Coeffs!C7 -> /rad^2 | D7: =[1]Aero_Coeffs!D7 -> 抗力係数 (迎角二乗依存)
A8: =[1]Aero_Coeffs!A8 -> C_D_delta_a | B8: =[1]Aero_Coeffs!B8 -> 0.0001
A9: =[1]Aero_Coeffs!A9 -> C_D_delta_s | B9: =[1]Aero_Coeffs!B9 -> 0.58 | C9: =[1]Aero_Coeffs!C9 -> /rad | D9: =[1]Aero_Coeffs!D9 -> 抗力係数 (フラップ依存)
A10: =[1]Aero_Coeffs!A10 -> C_m_0 | B10: =[1]Aero_Coeffs!B10 -> 0.1397 | C10: =[1]Aero_Coeffs!C10 -> - | D10: =[1]Aero_Coeffs!D10 -> ピッチングモーメント係数 (迎角依存)
A11: =[1]Aero_Coeffs!A11 -> C_m_alpha | B11: =[1]Aero_Coeffs!B11 -> -1.4308 | C11: =[1]Aero_Coeffs!C11 -> /rad | D11: =[1]Aero_Coeffs!D11 -> ピッチングモーメント係数 (ゼロ迎角)
A12: =[1]Aero_Coeffs!A12 -> C_m_q | B12: =[1]Aero_Coeffs!B12 -> -0.22521 | D12: =[1]Aero_Coeffs!D12 -> ピッチ減衰係数
A13: =[1]Aero_Coeffs!A13 -> Cl_phi | B13: =[1]Aero_Coeffs!B13 -> -0.04
A14: =[1]Aero_Coeffs!A14 -> Cl_p | B14: =[1]Aero_Coeffs!B14 -> -0.08
A15: =[1]Aero_Coeffs!A15 -> Cl_delta_a | B15: =[1]Aero_Coeffs!B15 -> -1e-05
A16: =[1]Aero_Coeffs!A16 -> Cn_r | B16: =[1]Aero_Coeffs!B16 -> -0.012
A17: =[1]Aero_Coeffs!A17 -> Cn_delta_a | B17: =[1]Aero_Coeffs!B17 -> -8e-05
A18: =[1]Aero_Coeffs!A18 -> C_Y_beta | B18: =[1]Aero_Coeffs!B18 -> -0.1 | D18: =[1]Aero_Coeffs!D18 -> 横力係数 (対 横滑り角 beta)

Sheet Simulation_Settings
A1: Parameter | B1: Value | C1: Unit | D1: Description
A2: X_initial | B2: 0 | C2: m
A3: Y_initial | B3: 0 | C3: m
A4: psi_initial_deg | B4: 0 | C4: deg
A5: V_init_guess | B5: 20 | C5: m/s | D5: 速度の推定値
A6: h_init | B6: 9400 | C6: m | D6: 初期高度 (釣合い計算用)
A7: delta_R_init | B7: 0 | C7: - | D7: 初期ブレーキ入力 (釣合い計算用)
A8: delta_L_init | B8: 0 | C8: - | D8: 初期ブレーキ入力 (釣合い計算用)
A9: t_max | B9: 200 | C9: s | D9: 最大シミュレーション時間
A10: h_step | B10: 0.1 | C10: s | D10: シミュレーションの時間刻み幅
A11: con_type | B11: WithoutFF | C11: string | D11: 制御モード (WithFF or WithoutFF)
A12: tau_delta_a | B12: 3 | C12: s | D12: バンク角(sigma)の時定数
A13: tau_delta_s | B13: 0.5 | C13: s | D13: 対称ブレーキ(delta_s)の時定数
A14: turn_start_time | B14: 50 | C14: s | D14: 旋回開始時間
A15: turn_end_time | B15: 1500 | C15: s | D15: 旋回終了時間
A16: target_delta_a | B16: -1 | C16: - | D16: 目標δa(正だと右ブレーキ→左旋回)
A17: delta_a_min | B17: -1 | D17: δaの最小値
A18: delta_a_max | B18: 1 | D18: δaの最大値
A19: max_bank_deg | B19: 5 | C19: deg | D19: 最大バンク角 (FFリミッター)
A20: brake_start_time | B20: 300 | C20: s | D20: ブレーキ開始時間
A21: brake_end_time | B21: 350 | C21: s | D21: ブレーキ終了時間
A22: target_delta_s | B22: 0.3 | C22: - | D22: ブレーキ入力 [0-1]
A23: delta_s_min | B23: 0 | D23: δsの最小値
A24: delta_s_max | B24: 1 | D24: δsの最大値
A25: tau_mu | B25: 2
A26: mu_min_deg | B26: -10
A27: mu_max_deg | B27: 10
A28: target_mu_deg | B28: =[1]Aircraft_Model!B12 -> 7

Sheet Inertia
A1: =[1]Inertia!A1 -> Parameter | B1: =[1]Inertia!B1 -> Value | C1: =[1]Inertia!C1 -> Unit | D1: =[1]Inertia!D1 -> Description
A2: =[1]Inertia!A2 -> I_xx | B2: =[1]Inertia!B2*スケーリング!$D$2*スケーリング!$D$3^2 -> 2188.1438 | D2: =[1]Inertia!D2 -> 全体の慣性モーメント XX [kg m^2]
A3: =[1]Inertia!A3 -> I_yy | B3: =[1]Inertia!B3*スケーリング!$D$2*スケーリング!$D$3^2 -> 2074.3396 | D3: =[1]Inertia!D3 -> 全体の慣性モーメント YY [kg m^2]
A4: =[1]Inertia!A4 -> I_zz | B4: =[1]Inertia!B4*スケーリング!$D$2*スケーリング!$D$3^2 -> 274.16458 | D4: =[1]Inertia!D4 -> 全体の慣性モーメント ZZ [kg m^2]
A5: =[1]Inertia!A5 -> I_xz | B5: =[1]Inertia!B5*スケーリング!$D$2*スケーリング!$D$3^2 -> 155.1875 | D5: =[1]Inertia!D5 -> 全体の慣性乗積 XZ [kg m^2]
